,keyword
0,엔진
1,공공건물
2,주공
3,비지니스
4,수동변속기
5,포함
6,단어
7,부대
8,자금
9,선거인단
10,거래세
11,컴퓨터
12,디스토피아
13,비판
14,코스트코
15,의료
16,경제데이터
17,old stock holders
18,인플레이션
19,섭취
20,경세제민
21,예금보험공사
22,기업가
23,물가
24,가격
25,매입
26,투자
27,인삼
28,홈페이지
29,집적회로
30,파이낸셜
31,커뮤니티
32,전자석
33,미국
34,한정판
35,일종
36,위험관리
37,프로
38,플레이어
39,과학자
40,서비스
41,자연환경
42,동화면세점
43,필라델피아
44,일렉트릭
45,헬리콥터
46,삼성증권
47,사용
48,허위
49,안드로이드
50,거
51,가정주부
52,조리
53,버전
54,중소기업
55,전세차
56,원달러환율
57,프리랜서
58,한류
59,디스플레이
60,중진국
61,공매도
62,비트코인
63,소매점
64,이득
65,의도
66,벤치마킹
67,마이너스
68,필두
69,공급망
70,센터
71,온도
72,집단
73,소액결제
74,신세계
75,관리
76,주식계좌개설
77,시스템
78,이것
79,귀신
80,stock code
81,선물
82,수출액
83,에피소드
84,내국세
85,첨단
86,아이디어
87,다크 호스
88,프리미어
89,비즈니스
90,노르웨이
91,원천
92,대통령
93,시
94,암호
95,오프라인
96,협동조합
97,기습
98,오아시스
99,불 마켓
100,신주인수권
101,이탈리아
102,땅
103,키프로스
104,편제
105,정신
106,고용
107,ESG(비재무적성과)
108,전셋값
109,황산화물
110,최저한도
111,실물
112,마찬가지
113,경국제민
114,글로벌
115,한국
116,본원통화
117,소기업
118,백색가전
119,기관
120,금융뉴스
121,생산
122,레벨
123,데이터베이스
124,오늘의 주식시장
125,스크립트
126,정책금융
127,미국식
128,베스
129,S&P 500
130,세관
131,디플레이터
132,구리
133,판매자
134,블루칩
135,분석
136,행복감
137,자
138,비교
139,미만
140,쿠로시오
141,날
142,달러
143,삼성전기
144,알루미늄
145,진공청소기
146,거기
147,정기예금
148,주말
149,클라이언트
150,장본인
151,테크놀로지
152,방어기제
153,과잉
154,언어
155,기관지염
156,저희
157,아프리카
158,마이너
159,펀드회사
160,체크
161,동안
162,배당금
163,외국인
164,악화
165,한국증권금융
166,아파치
167,면세
168,라이트닝
169,대전
170,전망
171,채
172,전문가
173,가상
174,목표
175,내부자
176,자동차
177,라이선스
178,상품
179,보호법
180,목동
181,캔터베리
182,면세점
183,다음
184,주력
185,선물환
186,부양가족
187,저출산
188,페인트칠
189,파산자
190,금리
191,다국적
192,골자
193,당연지사
194,아르바이트
195,임대료
196,수출
197,천정부지
198,프라이부르크
199,업무협약
200,금융
201,플래티넘
202,방촌
203,현존
204,이념
205,데
206,청년유니온
207,오늘의 시장
208,증권거래소
209,특정
210,부분
211,전세가
212,마음가짐
213,위
214,보증인
215,개념
216,물적분할
217,익스플로러
218,후지필름
219,시계열
220,조달
221,다운로드
222,소득세
223,파산
224,반복
225,좌절
226,계정
227,채권자
228,시가총액
229,증권시장
230,해킹
231,금융업
232,제품
233,백신
234,학생
235,포트폴리오
236,주도
237,세금
238,모니터링
239,암호화폐
240,자동변속기
241,부
242,재건축
243,트랜잭션
244,투자자
245,아시아
246,프랜차이즈
247,피해자
248,경우
249,상태
250,할아버지
251,롯데카드
252,시중금리
253,삼성전자
254,환율제
255,약육강식
256,전형
257,처리
258,가상자산
259,전역
260,거래
261,일본
262,이
263,미합중국
264,현상
265,호텔신라
266,단위
267,모터스
268,그레이트
269,프로그래밍
270,대한전선
271,프레스콧
272,재택근무
273,등
274,정규직
275,인플레이션율
276,건축물
277,국무총리
278,부동산업
279,사이
280,면세품
281,업데이트
282,프로세서
283,전기
284,stock market quotations
285,구축
286,주식시장
287,금융시장
288,운반
289,분양가상한제
290,성행
291,막대도표
292,고도성장
293,공무원
294,기준금리
295,투기자
296,계산서
297,유가상승
298,당원
299,여파
300,인수
301,상승
302,주식
303,배치
304,조언
305,수익률
306,면허증
307,플라스틱
308,지주회사
309,미성년자
310,반지하
311,다이어트
312,주가지수선물
313,하우스
314,유동성
315,관세법
316,우후죽순
317,수
318,방식
319,일반인
320,증시
321,캘리포니아
322,컨설턴트
323,국회의원
324,프로젝터
325,엑슨모빌
326,중앙은행
327,차관회의
328,스티글리츠
329,조건
330,메소포타미아
331,brokerage stocks
332,국가
333,갭
334,희소성
335,증권
336,중앙일보
337,세기
338,전차선
339,질병관리본부
340,강대국
341,스톡옵션
342,드래프트
343,남아프리카
344,친환경
345,인공지능
346,시공사
347,하향
348,인디펜던트
349,온라인
350,사우디아라비아
351,트린
352,미성년
353,연합뉴스
354,본래
355,디플레이션
356,스마트폰
357,라디에이터
358,경제성장률
359,마스크
360,재화
361,프랭크
362,삼성타운
363,가전제품
364,무역의존도
365,축출
366,금리인상
367,simulated stock trading
368,관세청
369,승승장구
370,싱가포르
371,구성
372,최고
373,쪽
374,재정보증
375,상장지수펀드
376,자산운용
377,세르게이
378,기술자
379,공화국
380,중화민국
381,알레르기
382,정부
383,대한민국
384,머리카락
385,기사
386,정도
387,외국
388,블록
389,자본주의
390,전자화폐
391,손해
392,하향조절
393,소문자
394,지지부진
395,부녀회
396,차례
397,등록증
398,무역분쟁
399,증권투자기금
400,확률
401,아키텍처
402,결제
403,정반대
404,이미지
405,전성시대
406,인플루엔자
407,금융업자
408,사태
409,유가
410,이코노미
411,세월
412,실패
413,대출
414,정치학
415,코로나19
416,알고리즘
417,자유자재
418,보너스
419,아황산가스
420,기술원
421,선하증권
422,대형마트
423,양적완화
424,레플리카
425,GDP
426,청소년
427,지경
428,조직
429,중국 주식
430,가능
431,편도
432,공공
433,거주
434,트레이딩
435,정책
436,포름알데히드
437,스트라이크
438,인공호흡기
439,은행 융자
440,텍사스
441,인센티브
442,유흥업소
443,위원장
444,스트리밍
445,중독
446,정보공개
447,수입
448,차이점
449,눈병
450,존재
451,망라
452,하나
453,드라이브
454,후진국
455,하락세
456,내역
457,전세권
458,대상자
459,최빈국
460,구자학
461,사유
462,발달
463,어원
464,미분양
465,오사카
466,송금
467,경제성장
468,급락
469,기프트카드
470,전매특허
471,다세대
472,차후
473,터키
474,경제학
475,미국대선
476,소매
477,침체
478,백화점
479,사용자
480,low priced stocks
481,동작
482,시중
483,기능
484,밧데리
485,일자리
486,릴리스
487,공산주의
488,편서풍
489,메시지
490,프랑스
491,스튜디오
492,모집
493,무기
494,에너지
495,크래프트
496,블록체인
497,흑역사
498,차익거래
499,지원
500,주식추천
501,푸른색
502,고속철도
503,파트너십
504,자본
505,미사일
506,통화
507,당대
508,기존
509,브뤼셀
510,의사소통
511,사회적거리두기
512,유발
513,경제
514,보증채무
515,삼성시계
516,텔레비전
517,이후
518,아케이드
519,소프트웨어
520,인
521,바이오매스
522,밀착
523,페이스북
524,브레이크
525,계약서
526,시장
527,주식자보금
528,간섭
529,클라우드
530,레이어스
531,프로토콜
532,돈세탁
533,아이템
534,종사자
535,창업
536,브렉시트
537,메타버스
538,연대보증
539,스탠포드
540,선물거래
541,요구
542,랩
543,버지니아
544,차지
545,사기
546,대상
547,후
548,분양가 
549,국내총생산
550,보증서
551,외국인순매수
552,의미
553,프로세스
554,트롤리버스
555,수의대
556,보험업법
557,소매업
558,위키백과
559,원자재
560,일물일가
561,브리튼
562,단정
563,애서
564,청년층
565,전동차
566,일
567,미세
568,유량주
569,중국
570,비거주자
571,시리즈
572,인사말
573,전세금
574,배당
575,년
576,중국어
577,어처구니
578,미시
579,콧김
580,청년
581,설탕
582,카메라
583,계좌개설
584,사례
585,모빌리티
586,수수료
587,하락
588,도착지
589,기업
590,이남신
591,탄소
592,당국자
593,지방
594,잉여금
595,때문
596,경영자
597,자동
598,팬데믹
599,최하
600,부가세
601,보유
602,청약서
603,기관지
604,프로세싱
605,미제
606,어불성설
607,근로계약서
608,안구
609,나스닥
610,벤처
611,줄다리기
612,비용
613,제일기획
614,평가절하
615,삼성메디슨
616,감속기
617,배터리
618,교대근무
619,재단
620,라스파이레스
621,치료제
622,약리학
623,가치
624,미세먼지
625,메모리
626,주식소개
627,마운틴뷰
628,재판매
629,부양
630,브라우저
631,조
632,복용
633,리하르트
634,미주리
635,추이
636,기댓값
637,전기차
638,구조
639,티메로살
640,무역수지
641,검
642,중
643,편승
644,대학
645,바이오
646,소비자물가지수
647,주가
648,면허
649,계약자
650,정책학
651,프리미엄
652,천하무적
653,자산
654,상담
655,보통학교
656,듀플렉스
657,증권가
658,정치
659,답변
660,예금금리
661,청약
662,개발
663,콘스탄티노플
664,소득
665,월
666,예불
667,풀프레임
668,무역협상
669,캐피털
670,설법
671,미국인
672,통화승수
673,파키스탄
674,다크호스
675,국민주택기금
676,미지수
677,결산
678,발원지
679,자유주의
680,반영
681,삼성그룹
682,소리
683,선진국
684,네트워크
685,매한가지
686,한국식
687,그라운드
688,인식
689,자리매김
690,프로젝트
691,정보
692,banned stocks
693,산소
694,계승
695,조정
696,securities networks
697,천연가스
698,코스닥
699,개념주
700,검사
701,아폴로
702,기업공개
703,자율주행
704,하드웨어
705,시장상황
706,전자파
707,동기전동기
708,대체
709,핀테크
710,자산관리
711,영향
712,결국
713,마인
714,뒷받침
715,자기자본(보통주)
716,구매
717,빅데이터
718,워싱턴
719,뉴욕증시
720,국민연금
721,재개발
722,어른
723,수익
724,마르크
725,이해
726,파산법
727,천연자원
728,하이브리드
729,시기
730,해결
731,독가스
732,유일
733,항목
734,신주
735,불꽃놀이
736,전기난로
737,미터법
738,주식회사
739,탄소중립
740,설립
741,스탠퍼드
742,슈퍼마켓
743,트레일러
744,이사국
745,파이널
746,베
747,합장
748,가시거리
749,지지대
750,패러다임
751,무언가
752,역할
753,베네룩스
754,외국어
755,환율
756,한국어
757,소상공인
758,생존
759,그것
760,한국은행
761,물자
762,전화
763,당시
764,발전시설
765,중공업
766,주식거래
767,바이러스
768,시뮬레이션
769,사찰
770,수원시
771,취급
772,산업은행
773,주가지수
774,거품
775,수출규제
776,호흡기계
777,주변
778,량
779,우리나라
780,수준
781,전월세
782,돈
783,유럽
784,코스피
785,부동산
786,삼성물산
787,최저임금
788,사용료
789,사건
790,다우
791,외국인순매도
792,트랜스미션
793,금융협업
794,에이전트
795,제권판결
796,문제
797,투자와 자산관리
798,발음
799,편의점
800,기하급수
801,차감
802,국민은행
803,이하
804,스타트업
805,닛케이
806,디노미네이션
807,껍질
808,스토리지
809,지역
810,꿈
811,생각
812,양산
813,서비스업
814,프로그램
815,프리우스
816,암호학자
817,스트레스
818,일일한도
819,교육세
820,지원금
821,주택
822,명실상부
823,신세계백화점
824,나노미터
825,방법
826,사람
827,은행
